{
    "shapes": {
        "back_wall": {
            "material_ids": [
                0.0,
                0.0
            ],
            "normals": [],
            "positions": [
                549.5999755859375,
                0.0,
                559.2000122070312,
                0.0,
                0.0,
                559.2000122070312,
                0.0,
                548.7999877929688,
                559.2000122070312,
                556.0,
                548.7999877929688,
                559.2000122070312
            ],
            "indicies": [
                0.0,
                1.0,
                2.0,
                0.0,
                2.0,
                3.0
            ],
            "texcoords": []
        },
        "floor": {
            "material_ids": [
                0.0,
                0.0,
                0.0,
                0.0,
                0.0,
                0.0
            ],
            "normals": [],
            "positions": [
                552.7999877929688,
                0.0,
                0.0,
                0.0,
                0.0,
                0.0,
                0.0,
                0.0,
                559.2000122070312,
                549.5999755859375,
                0.0,
                559.2000122070312,
                290.0,
                0.0,
                114.0,
                240.0,
                0.0,
                272.0,
                82.0,
                0.0,
                225.0,
                130.0,
                0.0,
                65.0,
                472.0,
                0.0,
                406.0,
                314.0,
                0.0,
                456.0,
                265.0,
                0.0,
                296.0,
                423.0,
                0.0,
                247.0
            ],
            "indicies": [
                0.0,
                1.0,
                2.0,
                0.0,
                2.0,
                3.0,
                4.0,
                5.0,
                6.0,
                4.0,
                6.0,
                7.0,
                8.0,
                9.0,
                10.0,
                8.0,
                10.0,
                11.0
            ],
            "texcoords": []
        },
        "red_wall": {
            "material_ids": [
                1.0,
                1.0
            ],
            "normals": [],
            "positions": [
                552.7999877929688,
                0.0,
                0.0,
                549.5999755859375,
                0.0,
                559.2000122070312,
                556.0,
                548.7999877929688,
                559.2000122070312,
                556.0,
                548.7999877929688,
                0.0
            ],
            "indicies": [
                0.0,
                1.0,
                2.0,
                0.0,
                2.0,
                3.0
            ],
            "texcoords": []
        },
        "light": {
            "material_ids": [
                4.0,
                4.0
            ],
            "normals": [],
            "positions": [
                343.0,
                548.0,
                227.0,
                343.0,
                548.0,
                332.0,
                213.0,
                548.0,
                332.0,
                213.0,
                548.0,
                227.0
            ],
            "indicies": [
                0.0,
                1.0,
                2.0,
                0.0,
                2.0,
                3.0
            ],
            "texcoords": []
        },
        "tall_block": {
            "material_ids": [
                2.0,
                2.0,
                2.0,
                2.0
            ],
            "normals": [],
            "positions": [
                314.0,
                0.0,
                456.0,
                314.0,
                330.0,
                456.0,
                265.0,
                330.0,
                296.0,
                265.0,
                0.0,
                296.0,
                265.0,
                0.0,
                296.0,
                265.0,
                330.0,
                296.0,
                423.0,
                330.0,
                247.0,
                423.0,
                0.0,
                247.0
            ],
            "indicies": [
                0.0,
                1.0,
                2.0,
                0.0,
                2.0,
                3.0,
                4.0,
                5.0,
                6.0,
                4.0,
                6.0,
                7.0
            ],
            "texcoords": []
        },
        "short_block": {
            "material_ids": [
                0.0,
                0.0,
                0.0,
                0.0,
                0.0,
                0.0,
                0.0,
                0.0,
                0.0,
                0.0
            ],
            "normals": [],
            "positions": [
                130.0,
                165.0,
                65.0,
                82.0,
                165.0,
                225.0,
                240.0,
                165.0,
                272.0,
                290.0,
                165.0,
                114.0,
                290.0,
                0.0,
                114.0,
                290.0,
                165.0,
                114.0,
                240.0,
                165.0,
                272.0,
                240.0,
                0.0,
                272.0,
                130.0,
                0.0,
                65.0,
                130.0,
                165.0,
                65.0,
                290.0,
                165.0,
                114.0,
                290.0,
                0.0,
                114.0,
                82.0,
                0.0,
                225.0,
                82.0,
                165.0,
                225.0,
                130.0,
                165.0,
                65.0,
                130.0,
                0.0,
                65.0,
                240.0,
                0.0,
                272.0,
                240.0,
                165.0,
                272.0,
                82.0,
                165.0,
                225.0,
                82.0,
                0.0,
                225.0
            ],
            "indicies": [
                0.0,
                1.0,
                2.0,
                0.0,
                2.0,
                3.0,
                4.0,
                5.0,
                6.0,
                4.0,
                6.0,
                7.0,
                8.0,
                9.0,
                10.0,
                8.0,
                10.0,
                11.0,
                12.0,
                13.0,
                14.0,
                12.0,
                14.0,
                15.0,
                16.0,
                17.0,
                18.0,
                16.0,
                18.0,
                19.0
            ],
            "texcoords": []
        },
        "green_wall": {
            "material_ids": [
                2.0,
                2.0
            ],
            "normals": [],
            "positions": [
                0.0,
                0.0,
                559.2000122070312,
                0.0,
                0.0,
                0.0,
                0.0,
                548.7999877929688,
                0.0,
                0.0,
                548.7999877929688,
                559.2000122070312
            ],
            "indicies": [
                0.0,
                1.0,
                2.0,
                0.0,
                2.0,
                3.0
            ],
            "texcoords": []
        },
        "ceiling": {
            "material_ids": [
                0.0,
                0.0
            ],
            "normals": [],
            "positions": [
                556.0,
                548.7999877929688,
                0.0,
                556.0,
                548.7999877929688,
                559.2000122070312,
                0.0,
                548.7999877929688,
                559.2000122070312,
                0.0,
                548.7999877929688,
                0.0
            ],
            "indicies": [
                0.0,
                1.0,
                2.0,
                0.0,
                2.0,
                3.0
            ],
            "texcoords": []
        }
    },
    "materials": {
        "blue": {
            "diffuse_texname": "",
            "ambient_texname": "",
            "illum": 0,
            "displacement_texname": "",
            "alpha_texname": "",
            "emission": [
                0.0,
                0.0,
                0.0
            ],
            "transmittance": [
                0.0,
                0.0,
                0.0
            ],
            "ambient": [
                0.0,
                0.0,
                0.0
            ],
            "bump_texname": "",
            "diffuse": [
                0.0,
                0.0,
                1.0
            ],
            "shininess": 1.0,
            "specular_highlight_texname": "",
            "unknown_parameter": {},
            "ior": 1.0,
            "dissolve": 1.0,
            "specular": [
                0.0,
                0.0,
                0.0
            ],
            "specular_texname": ""
        },
        "white": {
            "diffuse_texname": "",
            "ambient_texname": "",
            "illum": 0,
            "displacement_texname": "",
            "alpha_texname": "",
            "emission": [
                0.0,
                0.0,
                0.0
            ],
            "transmittance": [
                0.0,
                0.0,
                0.0
            ],
            "ambient": [
                0.0,
                0.0,
                0.0
            ],
            "bump_texname": "",
            "diffuse": [
                1.0,
                1.0,
                1.0
            ],
            "shininess": 1.0,
            "specular_highlight_texname": "",
            "unknown_parameter": {},
            "ior": 1.0,
            "dissolve": 1.0,
            "specular": [
                0.0,
                0.0,
                0.0
            ],
            "specular_texname": ""
        },
        "red": {
            "diffuse_texname": "",
            "ambient_texname": "",
            "illum": 0,
            "displacement_texname": "",
            "alpha_texname": "",
            "emission": [
                0.0,
                0.0,
                0.0
            ],
            "transmittance": [
                0.0,
                0.0,
                0.0
            ],
            "ambient": [
                0.0,
                0.0,
                0.0
            ],
            "bump_texname": "",
            "diffuse": [
                1.0,
                0.0,
                0.0
            ],
            "shininess": 1.0,
            "specular_highlight_texname": "",
            "unknown_parameter": {},
            "ior": 1.0,
            "dissolve": 1.0,
            "specular": [
                0.0,
                0.0,
                0.0
            ],
            "specular_texname": ""
        },
        "light": {
            "diffuse_texname": "",
            "ambient_texname": "",
            "illum": 0,
            "displacement_texname": "",
            "alpha_texname": "",
            "emission": [
                0.0,
                0.0,
                0.0
            ],
            "transmittance": [
                0.0,
                0.0,
                0.0
            ],
            "ambient": [
                20.0,
                20.0,
                20.0
            ],
            "bump_texname": "",
            "diffuse": [
                1.0,
                1.0,
                1.0
            ],
            "shininess": 1.0,
            "specular_highlight_texname": "",
            "unknown_parameter": {},
            "ior": 1.0,
            "dissolve": 1.0,
            "specular": [
                0.0,
                0.0,
                0.0
            ],
            "specular_texname": ""
        },
        "green": {
            "diffuse_texname": "",
            "ambient_texname": "",
            "illum": 0,
            "displacement_texname": "",
            "alpha_texname": "",
            "emission": [
                0.0,
                0.0,
                0.0
            ],
            "transmittance": [
                0.0,
                0.0,
                0.0
            ],
            "ambient": [
                0.0,
                0.0,
                0.0
            ],
            "bump_texname": "",
            "diffuse": [
                0.0,
                1.0,
                0.0
            ],
            "shininess": 1.0,
            "specular_highlight_texname": "",
            "unknown_parameter": {},
            "ior": 1.0,
            "dissolve": 1.0,
            "specular": [
                0.0,
                0.0,
                0.0
            ],
            "specular_texname": ""
        }
    }
}
